women,Shoes/Boots?level3Filter=Flat
women,Shoes/Boots?level3Filter=Mid_Heel
women,Shoes/Boots?level3Filter=High_Heel
women,Shoes/Boots?level3Filter=Ankle_Boots
women,Shoes/Boots?level3Filter=Knee_Boots
women,Shoes/Boots?level3Filter=Rain_Boots
women,Shoes/Boots?level3Filter=Over_the_Knee
women,Shoes/Boots?level3Filter=Apres-Ski_and_Shearling
women,Shoes/Sandals?level3Filter=Flat
women,Shoes/Sandals?level3Filter=Mid_Heel
women,Shoes/Sandals?level3Filter=High_Heel
women,Shoes/Sandals?level3Filter=Block_Heel
women,Shoes/Sandals?level3Filter=Mules
women,Shoes/Sandals?level3Filter=Platforms
women,Shoes/Sandals?level3Filter=Slides
women,Shoes/Sandals?level3Filter=Wedges
women,Shoes/Sandals?level3Filter=Bridal
women,Shoes/Flat_Shoes?level3Filter=Ballet_Flats
women,Shoes/Flat_Shoes?level3Filter=Espadrilles
women,Shoes/Flat_Shoes?level3Filter=Lace_Ups
women,Shoes/Flat_Shoes?level3Filter=Loafers
women,Shoes/Flat_Shoes?level3Filter=Moccasins
women,Shoes/Flat_Shoes?level3Filter=Pointed-Toe_Flats
women,Shoes/Flat_Shoes?level3Filter=Slippers
women,Accessories/Belts?level3Filter=Skinny
women,Accessories/Belts?level3Filter=Wide
women,Shoes/Pumps?level3Filter=Mid_Heel
women,Shoes/Pumps?level3Filter=High_Heel
women,Shoes/Pumps?level3Filter=Platforms
women,Shoes/Pumps?level3Filter=Peep_Toe
women,Shoes/Pumps?level3Filter=Bridal
women,Shoes/Sneakers?level3Filter=Flat
women,Shoes/Sneakers?level3Filter=Fashion_Runners
women,Shoes/Sneakers?level3Filter=Slip-On
women,Shoes/Sneakers?level3Filter=Wedge
women,Accessories/Books?level3Filter=Fashion
women,Accessories/Books?level3Filter=Art_and_Photography
women,Accessories/Books?level3Filter=Lifestyle_and_Travel
women,Accessories/Books?level3Filter=Limited_Edition
women,Accessories/Fine_Jewelry?level3Filter=Rings
women,Accessories/Fine_Jewelry?level3Filter=Earrings
women,Accessories/Fine_Jewelry?level3Filter=Drop
women,Accessories/Fine_Jewelry?level3Filter=Ear_Cuff
women,Accessories/Fine_Jewelry?level3Filter=Stud
women,Accessories/Fine_Jewelry?level3Filter=Necklaces
women,Accessories/Fine_Jewelry?level3Filter=Bracelets
women,Accessories/Fine_Jewelry?level3Filter=Bridal
women,Accessories/Gloves
women,Accessories/Hats?level3Filter=Beanies
women,Accessories/Hats?level3Filter=Caps
women,Accessories/Hats?level3Filter=Fedoras
women,Accessories/Hats?level3Filter=Sunhats
women,Accessories/Collars
women,Accessories/Jewelry?level3Filter=Rings
women,Accessories/Jewelry?level3Filter=Earrings
women,Accessories/Jewelry?level3Filter=Clip
women,Accessories/Jewelry?level3Filter=Stud
women,Accessories/Jewelry?level3Filter=Necklaces
women,Accessories/Jewelry?level3Filter=Bracelets
women,Accessories/Jewelry?level3Filter=Cuffs
women,Accessories/Jewelry?level3Filter=Handpiece
women,Accessories/Jewelry?level3Filter=Brooches
women,Accessories/Jewelry?level3Filter=Bridal
women,Accessories/Jewelry?level3Filter=Jewelry_Cases
women,Accessories/Jewelry?level3Filter=Body_Jewelry
women,Accessories/PORTER_Magazine
women,Accessories/Homeware?level3Filter=Candles
women,Accessories/Homeware?level3Filter=Clothing_Care
women,Accessories/Homeware?level3Filter=Collectables
women,Accessories/Homeware?level3Filter=Cushions
women,Accessories/Key_Fobs
women,Accessories/Opticals
women,Accessories/Hair_Accessories?level3Filter=Hairclips
women,Accessories/Hair_Accessories?level3Filter=Headbands
women,Accessories/Hair_Accessories?level3Filter=Headpieces
women,Accessories/Hair_Accessories?level3Filter=Veils
women,Accessories/Pouches
women,Accessories/Sunglasses?level3Filter=Aviator
women,Accessories/Sunglasses?level3Filter=Cat-Eye
women,Accessories/Sunglasses?level3Filter=D-Frame
women,Accessories/Sunglasses?level3Filter=Round_Frame
women,Accessories/Sunglasses?level3Filter=Square_Frame
women,Accessories/Stationery
women,Accessories/Travel
women,Accessories/Scarves?level3Filter=Cashmere
women,Accessories/Scarves?level3Filter=Silk
women,Accessories/Umbrellas
women,Accessories/Technology?level3Filter=Phone_Cases
women,Accessories/Technology?level3Filter=iPhone_5_Cases
women,Accessories/Technology?level3Filter=Tablet_Cases
women,Accessories/Technology?level3Filter=Laptop_Cases
women,Accessories/Technology?level3Filter=Headphones
women,Bags/Belt_Bags
women,Accessories/Wallets?level3Filter=Cardholders
women,Accessories/Wallets?level3Filter=Wallets
women,Accessories/Watches
women,Bags/Backpacks
women,Bags/Travel_Bags?level3Filter=Holdall
women,Bags/Travel_Bags?level3Filter=Rolling
women,Bags/Clutch_Bags?level3Filter=Box
women,Bags/Clutch_Bags?level3Filter=Novelty
women,Bags/Clutch_Bags?level3Filter=Pouch
women,Bags/Clutch_Bags?level3Filter=Bridal
women,Bags/Tote_Bags?level3Filter=Shoulder_Strap
women,Bags/Tote_Bags?level3Filter=Trapeze
women,Bags/Tote_Bags?level3Filter=Beach
women,Bags/Shoulder_Bags?level3Filter=Chain_Strap
women,Bags/Shoulder_Bags?level3Filter=Cross_Body
women,Bags/Shoulder_Bags?level3Filter=Drawstring
women,Bags/Shoulder_Bags?level3Filter=Structured
women,Lingerie/Bodysuits?level3Filter=Bodysuits
women,Lingerie/Bras?level3Filter=Balconette_Bras
women,Lingerie/Bras?level3Filter=Contour_Bras
women,Lingerie/Bras?level3Filter=DD_Plus_Bras
women,Lingerie/Bras?level3Filter=Multiway_Bras
women,Lingerie/Bras?level3Filter=Maternity
women,Lingerie/Bras?level3Filter=Plunge_Bras
women,Lingerie/Bras?level3Filter=Push_Up_Bras
women,Lingerie/Bras?level3Filter=Soft_Cup_Bras
women,Lingerie/Bras?level3Filter=Strapless_Bras
women,Lingerie/Bras?level3Filter=Underwired_Bras
women,Lingerie/Briefs?level3Filter=Briefs
women,Lingerie/Briefs?level3Filter=Thongs
women,Lingerie/Corsetry?level3Filter=Corsets
women,Lingerie/Camisoles_and_Chemises?level3Filter=Camisoles
women,Lingerie/Camisoles_and_Chemises?level3Filter=Chemises
women,Lingerie/Camisoles_and_Chemises?level3Filter=Slips
women,Lingerie/Hosiery?level3Filter=Socks
women,Lingerie/Hosiery?level3Filter=Tights
women,Lingerie/Hosiery?level3Filter=Stockings
women,Lingerie/Lingerie_Accessories?level3Filter=Accessories
women,Lingerie/Shapewear?level3Filter=Light_Control
women,Lingerie/Shapewear?level3Filter=Bodysuits
women,Lingerie/Shapewear?level3Filter=Medium_Control
women,Lingerie/Shapewear?level3Filter=Firm_Control
women,Lingerie/Shapewear?level3Filter=Briefs_and_Shorts
women,Lingerie/Shapewear?level3Filter=Slips
women,Lingerie/Robes?level3Filter=Short_Robes
women,Lingerie/Robes?level3Filter=Long_Robes
women,Lingerie/Sleepwear?level3Filter=Nightdresses
women,Lingerie/Sleepwear?level3Filter=Pajamas
women,Lingerie/Sleepwear?level3Filter=Playsuits
women,Lingerie/Sleepwear?level3Filter=Sets
women,Clothing/Coats?level3Filter=Short
women,Clothing/Coats?level3Filter=Long
women,Clothing/Coats?level3Filter=Trench_Coats
women,Clothing/Coats?level3Filter=Leather
women,Clothing/Coats?level3Filter=Parkas
women,Clothing/Activewear?level3Filter=Jackets
women,Clothing/Activewear?level3Filter=Leggings
women,Clothing/Activewear?level3Filter=Shorts
women,Clothing/Activewear?level3Filter=Sports_Bras
women,Clothing/Activewear?level3Filter=Sweatshirts_and_Hoodies
women,Clothing/Activewear?level3Filter=Tops
women,Clothing/Activewear?level3Filter=Track_Pants
women,Lingerie/Suspender_Belts?level3Filter=Suspender_Belts
women,Clothing/Beachwear?level3Filter=One-Piece
women,Clothing/Beachwear?level3Filter=Bikinis
women,Clothing/Beachwear?level3Filter=Bandeau_Bikinis
women,Clothing/Beachwear?level3Filter=Halter_Bikinis
women,Clothing/Beachwear?level3Filter=Triangle_Bikinis
women,Clothing/Beachwear?level3Filter=Bikini_Separates
women,Clothing/Beachwear?level3Filter=Coverups
women,Clothing/Beachwear?level3Filter=Kaftans_and_Sarongs
women,Clothing/Beachwear?level3Filter=Beach_Dresses
women,Clothing/Beachwear?level3Filter=Shorts_and_Pants
women,Clothing/Beachwear?level3Filter=Jumpsuits_and_Playsuits
women,Clothing/Jackets?level3Filter=Biker_Jackets
women,Clothing/Jackets?level3Filter=Blazers
women,Clothing/Jackets?level3Filter=Capes
women,Clothing/Jackets?level3Filter=Casual_Jackets
women,Clothing/Jackets?level3Filter=Evening
women,Clothing/Jackets?level3Filter=Smart
women,Clothing/Jackets?level3Filter=Vests_and_Gilets
women,Clothing/Jackets?level3Filter=Bomber
women,Clothing/Jackets?level3Filter=Denim
women,Clothing/Jackets?level3Filter=Leather
women,Clothing/Jackets?level3Filter=Printed
women,Clothing/Jackets?level3Filter=Tailored
women,Clothing/Dresses?level3Filter=Mini
women,Clothing/Dresses?level3Filter=Knee_Length
women,Clothing/Dresses?level3Filter=Midi
women,Clothing/Dresses?level3Filter=Maxi
women,Clothing/Dresses?level3Filter=Gowns
women,Clothing/Dresses?level3Filter=Evening
women,Clothing/Dresses?level3Filter=Work
women,Clothing/Dresses?level3Filter=Off_Duty
women,Clothing/Dresses?level3Filter=Vacation
women,Clothing/Dresses?level3Filter=Long_Sleeved
women,Clothing/Dresses?level3Filter=Bridal
women,Clothing/Jeans?level3Filter=Boyfriend
women,Clothing/Jeans?level3Filter=Flared
women,Clothing/Jeans?level3Filter=Skinny_Leg
women,Clothing/Jeans?level3Filter=Straight_Leg
women,Clothing/Jeans?level3Filter=Cropped
women,Clothing/Jeans?level3Filter=High_Rise
women,Clothing/Jeans?level3Filter=Mid_Rise
women,Clothing/Jeans?level3Filter=Low_Rise
women,Clothing/Jeans?level3Filter=Coated
women,Clothing/Jumpsuits?level3Filter=Full_Length
women,Clothing/Jumpsuits?level3Filter=Playsuits
women,Clothing/Jumpsuits?level3Filter=Overalls
women,Clothing/Knitwear?level3Filter=Fine_Knit
women,Clothing/Knitwear?level3Filter=Medium_Knit
women,Clothing/Knitwear?level3Filter=Heavy_Knit
women,Clothing/Knitwear?level3Filter=Cardigan
women,Clothing/Knitwear?level3Filter=Sweater
women,Clothing/Knitwear?level3Filter=Cashmere
women,Clothing/Knitwear?level3Filter=Patterned
women,Clothing/Shorts?level3Filter=Short_and_Mini
women,Clothing/Shorts?level3Filter=Knee_Length
women,Clothing/Shorts?level3Filter=Denim
women,Clothing/Shorts?level3Filter=Leather
women,Beauty/Beauty_Sets
women,Clothing/Skirts?level3Filter=Mini
women,Clothing/Skirts?level3Filter=Knee_Length
women,Clothing/Skirts?level3Filter=Midi
women,Clothing/Skirts?level3Filter=Maxi
women,Clothing/Skirts?level3Filter=Leather
women,Clothing/Skirts?level3Filter=Pencil
women,Clothing/Skirts?level3Filter=Statement
women,Clothing/Skirts?level3Filter=Tailored
women,Clothing/Skirts?level3Filter=Bridal
women,Clothing/Pants?level3Filter=Leggings
women,Clothing/Pants?level3Filter=Skinny_Leg
women,Clothing/Pants?level3Filter=Straight_Leg
women,Clothing/Pants?level3Filter=Tapered
women,Clothing/Pants?level3Filter=Wide_Leg
women,Clothing/Pants?level3Filter=Culottes
women,Clothing/Pants?level3Filter=Cropped
women,Clothing/Pants?level3Filter=Leather
women,Clothing/Pants?level3Filter=Tailored
women,Beauty/Bath_and_Body?level3Filter=Bath_Oil_and_Soak
women,Beauty/Bath_and_Body?level3Filter=Body_Cleanser_and_Soap
women,Beauty/Bath_and_Body?level3Filter=Body_Exfoliant_and_Scrub
women,Beauty/Bath_and_Body?level3Filter=Body_Moisturizer
women,Beauty/Bath_and_Body?level3Filter=Body_Oil
women,Beauty/Bath_and_Body?level3Filter=Footcare
women,Beauty/Bath_and_Body?level3Filter=Handcare
women,Clothing/Tops?level3Filter=Strapless
women,Clothing/Tops?level3Filter=Sleeveless
women,Clothing/Tops?level3Filter=Short_Sleeved
women,Clothing/Tops?level3Filter=Long_Sleeved
women,Clothing/Tops?level3Filter=Bodysuits
women,Clothing/Tops?level3Filter=Blouses
women,Clothing/Tops?level3Filter=Cropped
women,Clothing/Tops?level3Filter=Shirts
women,Clothing/Tops?level3Filter=Sweatshirts
women,Clothing/Tops?level3Filter=T-Shirts
women,Clothing/Tops?level3Filter=Tanks_and_Camis
women,Clothing/Tops?level3Filter=Tunics
women,Clothing/Tops?level3Filter=Leather
women,Clothing/Tops?level3Filter=Printed
women,Beauty/Fragrance
women,Beauty/Cosmetics_Cases
women,Beauty/Haircare?level3Filter=Shampoo
women,Beauty/Haircare?level3Filter=Conditioner
women,Beauty/Haircare?level3Filter=Masques_and_Treatments
women,Beauty/Haircare?level3Filter=Styling
women,Beauty/Makeup?level3Filter=Face
women,Beauty/Makeup?level3Filter=Foundation
women,Beauty/Makeup?level3Filter=Concealer
women,Beauty/Makeup?level3Filter=Powder
women,Beauty/Makeup?level3Filter=Bronzer
women,Beauty/Makeup?level3Filter=Blush
women,Beauty/Makeup?level3Filter=SPF
women,Beauty/Makeup?level3Filter=Illuminator
women,Beauty/Makeup?level3Filter=Eye
women,Beauty/Makeup?level3Filter=Eyeshadow
women,Beauty/Makeup?level3Filter=Eyeliner
women,Beauty/Makeup?level3Filter=Mascara
women,Beauty/Makeup?level3Filter=Brows
women,Beauty/Makeup?level3Filter=Lip
women,Beauty/Makeup?level3Filter=Lipliner
women,Beauty/Makeup?level3Filter=Lipstick
women,Beauty/Makeup?level3Filter=Lipgloss
women,Beauty/Makeup?level3Filter=Sets
women,Beauty/Makeup?level3Filter=Brushes_and_Tools
women,Beauty/Skincare?level3Filter=Face
women,Beauty/Skincare?level3Filter=Cleanser_and_Exfoliant
women,Beauty/Skincare?level3Filter=Face_Oil
women,Beauty/Skincare?level3Filter=Mask
women,Beauty/Skincare?level3Filter=Moisturizer
women,Beauty/Skincare?level3Filter=Night_Cream
women,Beauty/Skincare?level3Filter=Serum
women,Beauty/Skincare?level3Filter=SPF
women,Beauty/Skincare?level3Filter=Eyes
women,Beauty/Skincare?level3Filter=Lips
women,Beauty/Skincare?level3Filter=Anti-Aging